avg_login_interval_days,duration_of_use_minutes,failed_tests_count,progress_rate,abandoned
0.95,208.5,3,0.441,0
74.44,100.4,21,0.232,1
43.12,93.4,3,0.309,1
21.09,286.5,7,0.733,0
0.39,495.1,11,0.625,0
42.92,138.6,6,0.051,1
80.85,110.7,4,0.401,1
29.19,264.4,8,0.541,0
26.58,255.3,3,0.808,0
43.67,55.6,5,0.47,1
11.52,304.8,5,0.456,0
70.21,127.8,24,0.356,1
5.3,453.7,2,0.65,0
85.52,125.4,10,0.377,1
23.32,183.7,0,0.873,0
33.97,164.8,21,0.482,1
69.33,74.2,23,0.252,1
44.8,103.2,11,0.411,1
65.01,68.3,7,0.28,1
32.83,24.2,23,0.088,1
17.97,267.8,9,0.997,0
29.13,524.8,0,0.792,0
83.09,136.4,23,0.187,1
39.49,5.6,11,0.535,1
15.32,117.5,10,0.544,0
18.34,142.5,12,0.455,0
27.68,556.0,9,0.561,0
85.75,158.8,12,0.132,1
64.04,18.8,18,0.449,1
16.07,127.9,10,0.659,0
8.1,531.1,6,0.977,0
22.7,432.5,11,0.553,0
19.56,296.6,8,0.643,0
33.84,8.7,20,0.127,1
34.26,115.4,10,0.037,1
49.83,95.0,11,0.368,1
37.94,168.7,21,0.317,1
58.38,76.2,6,0.053,1
55.41,86.7,4,0.37,1
3.13,277.4,5,0.87,0
41.5,98.9,7,0.232,1
44.99,166.6,17,0.444,1
3.12,412.2,8,0.893,0
27.8,518.3,2,0.614,0
25.96,547.3,2,0.596,0
8.1,483.4,7,0.535,0
21.96,483.0,10,0.817,0
47.8,174.5,21,0.405,1
48.82,13.8,18,0.277,1
4.89,578.8,1,0.903,0
34.08,155.8,15,0.066,1
7.53,381.0,9,0.403,0
17.04,230.8,4,0.483,0
7.31,273.7,10,0.77,0
85.74,168.8,3,0.252,1
29.87,99.6,3,0.679,0
50.94,17.0,10,0.203,1
80.02,128.1,22,0.541,1
15.96,420.6,8,0.545,0
28.17,132.5,1,0.928,0
4.83,212.1,3,0.816,0
68.05,51.2,18,0.138,1
1.71,402.5,4,0.379,0
37.85,176.5,8,0.408,1
12.94,65.2,1,0.964,0
4.64,79.5,5,0.729,0
37.65,58.9,4,0.494,1
44.97,23.0,20,0.486,1
67.24,32.0,10,0.476,1
24.35,536.0,0,0.467,0
23.51,282.3,10,0.912,0
8.15,485.2,1,0.599,0
58.24,39.9,17,0.192,1
26.16,180.4,10,0.476,0
81.86,174.2,11,0.193,1
20.44,515.6,5,0.961,0
88.22,36.2,11,0.021,1
10.5,484.7,6,0.744,0
11.67,371.4,4,0.379,0
61.2,146.1,24,0.396,1
20.18,256.7,1,0.967,0
18.76,418.2,1,0.818,0
48.56,76.5,15,0.383,1
5.91,419.1,6,0.79,0
18.54,222.5,8,0.892,0
42.61,142.5,22,0.36,1
56.53,42.4,18,0.437,1
22.12,415.8,4,0.685,0
10.19,501.9,12,0.503,0
78.39,30.8,4,0.135,1
80.98,17.7,16,0.487,1
21.6,267.3,6,0.509,0
0.37,465.5,12,0.926,0
6.72,494.2,11,0.687,0
44.95,153.5,17,0.073,1
61.87,102.8,13,0.523,1
18.45,448.4,8,0.627,0
13.48,145.9,7,0.643,0
25.22,209.7,12,0.689,0
8.38,101.8,4,0.502,0
83.58,19.1,7,0.127,1
21.24,94.7,6,0.565,0
33.74,150.8,15,0.498,1
20.92,522.6,12,0.724,0
86.56,57.3,15,0.469,1
12.68,463.7,8,0.87,0
14.74,207.4,7,0.369,0
70.75,75.8,8,0.462,1
29.42,348.4,6,0.735,0
2.7,291.5,7,0.468,0
49.64,84.6,13,0.419,1
75.12,150.6,11,0.459,1
74.94,14.1,14,0.123,1
87.44,12.0,3,0.522,1
31.22,31.7,7,0.26,1
86.87,86.4,11,0.422,1
66.43,135.9,6,0.428,1
48.66,106.3,12,0.317,1
11.38,568.4,3,0.399,0
18.89,115.0,12,0.546,0
24.2,490.0,9,0.859,0
55.7,69.8,19,0.356,1
55.2,90.8,16,0.528,1
24.89,441.9,6,0.464,0
19.58,392.6,8,0.854,0
79.54,108.7,13,0.468,1
2.78,536.1,3,0.838,0
20.11,241.7,7,0.903,0
42.73,144.6,13,0.154,1
26.42,360.1,8,0.966,0
73.2,90.5,10,0.38,1
14.82,488.2,1,0.541,0
44.6,121.2,14,0.26,1
12.88,462.8,5,0.579,0
48.4,45.3,9,0.174,1
28.53,432.7,3,0.491,0
21.79,587.4,8,0.738,0
25.0,220.0,5,0.467,0
62.05,53.0,4,0.304,1
3.96,529.0,7,0.417,0
47.06,88.8,13,0.101,1
86.46,88.6,5,0.22,1
67.77,14.4,7,0.446,1
2.74,194.0,8,0.847,0
23.76,181.9,8,0.597,0
9.06,377.8,6,0.548,0
18.36,459.6,12,0.485,0
69.63,32.5,8,0.304,1
54.51,125.6,18,0.16,1
72.42,128.0,17,0.039,1
45.87,143.5,21,0.364,1
12.86,354.1,10,0.447,0
38.53,15.4,12,0.327,1
27.64,297.1,7,0.798,0
28.28,330.3,7,0.635,0
26.7,456.6,9,0.513,0
87.71,151.3,21,0.323,1
75.89,148.7,21,0.022,1
14.22,411.8,4,0.468,0
19.11,325.5,1,0.656,0
49.26,23.3,8,0.181,1
8.79,570.4,12,0.708,0
48.87,61.6,15,0.476,1
0.23,529.5,7,0.619,0
51.71,137.4,23,0.243,1
46.02,27.9,12,0.241,1
3.82,585.5,9,0.87,0
9.46,67.4,6,0.411,0
27.4,309.2,1,0.771,0
85.96,56.1,25,0.15,1
29.4,191.6,8,0.444,0
65.96,135.6,7,0.475,1
77.4,77.6,19,0.147,1
73.56,151.6,21,0.549,1
4.63,350.8,5,0.566,0
11.44,563.7,3,0.988,0
52.98,154.8,16,0.024,1
21.21,498.2,6,0.992,0
19.62,142.1,0,0.432,0
10.09,114.2,7,0.415,0
0.66,137.8,10,0.98,0
76.89,51.4,22,0.381,1
25.57,520.3,8,0.597,0
73.12,137.9,20,0.02,1
67.87,166.2,10,0.411,1
35.91,115.9,6,0.244,1
27.11,84.8,12,0.386,0
55.84,47.7,16,0.311,1
5.26,102.6,6,0.753,0
84.77,30.0,17,0.351,1
70.01,162.3,17,0.496,1
4.91,298.5,5,0.992,0
87.72,125.8,17,0.465,1
53.08,89.6,10,0.21,1
47.75,127.4,3,0.538,1
8.38,365.6,10,0.856,0
27.33,462.4,4,0.854,0
78.12,43.3,9,0.341,1
21.68,416.0,2,0.758,0
19.45,226.8,7,0.372,0
37.88,164.2,13,0.411,1
37.93,99.4,14,0.292,1
24.94,198.8,7,0.979,0
82.22,145.7,17,0.53,1
87.99,155.5,24,0.539,1
24.17,257.5,12,0.606,0
37.42,69.5,24,0.144,1
68.31,70.0,24,0.129,1
83.05,103.2,22,0.122,1
79.43,164.1,12,0.357,1
32.72,11.5,18,0.064,1
62.25,73.0,14,0.369,1
28.38,286.3,11,0.822,0
19.71,510.2,9,0.615,0
1.17,260.1,7,0.639,0
51.76,176.7,14,0.299,1
10.88,275.0,3,0.979,0
24.75,109.5,3,0.767,0
0.84,484.9,3,0.993,0
6.31,508.1,8,0.485,0
82.18,62.5,7,0.434,1
8.46,591.4,2,0.701,0
3.47,527.9,2,0.36,0
7.29,234.8,2,0.522,0
55.26,24.9,5,0.262,1
15.49,118.9,8,0.494,0
21.86,550.7,10,0.689,0
87.84,15.6,18,0.466,1
36.48,129.7,17,0.04,1
66.5,16.5,11,0.343,1
21.42,265.7,9,0.695,0
66.33,22.4,25,0.063,1
26.35,357.7,3,0.63,0
12.53,506.8,6,0.62,0
55.61,121.4,14,0.524,1
14.33,109.3,1,0.411,0
74.33,147.1,20,0.033,1
16.93,421.8,6,0.58,0
22.55,528.8,11,0.383,0
48.75,23.1,19,0.117,1
6.88,118.4,8,0.589,0
17.3,495.9,8,0.983,0
18.48,407.1,0,0.746,0
20.86,75.6,4,0.807,0
50.39,6.1,7,0.311,1
38.51,115.8,3,0.05,1
11.41,305.0,2,0.591,0
23.34,366.5,1,0.924,0
75.27,13.7,5,0.15,1
14.67,298.7,4,0.49,0
10.48,119.9,10,0.791,0
20.07,84.5,6,0.99,0
42.27,170.4,7,0.42,1
37.2,92.0,16,0.097,1
72.22,92.5,24,0.443,1
81.71,12.4,3,0.253,1
48.78,80.1,15,0.39,1
36.91,8.6,13,0.095,1
13.91,432.4,5,0.407,0
7.45,378.0,8,0.401,0
22.42,179.6,12,0.459,0
3.6,335.4,12,0.577,0
24.6,500.1,3,0.417,0
40.41,31.8,23,0.041,1
18.91,310.5,9,0.844,0
85.45,103.8,23,0.543,1
88.26,60.3,17,0.038,1
48.17,53.1,4,0.194,1
57.7,11.6,14,0.457,1
81.86,154.7,22,0.327,1
64.82,172.0,4,0.247,1
19.62,233.6,7,0.676,0
13.62,497.9,5,0.989,0
68.77,11.8,25,0.241,1
61.36,32.8,14,0.505,1
76.47,123.8,4,0.434,1
2.16,111.0,10,0.601,0
81.09,173.8,22,0.48,1
64.96,29.7,14,0.171,1
19.93,129.6,11,0.96,0
52.6,143.5,7,0.369,1
22.21,430.1,8,0.411,0
15.35,69.8,4,0.467,0
86.86,90.1,10,0.55,1
47.75,142.9,19,0.424,1
26.52,80.4,5,0.92,0
17.99,143.3,2,0.89,0
24.3,149.4,7,0.378,0
73.18,174.7,22,0.157,1
13.57,348.4,4,0.978,0
27.13,164.8,10,0.966,0
13.95,212.2,6,0.677,0
39.72,39.9,22,0.076,1
68.47,158.0,20,0.514,1
15.57,127.3,1,0.846,0
84.32,30.8,16,0.05,1
24.53,537.7,0,0.62,0
52.44,72.6,5,0.206,1
85.85,151.9,23,0.184,1
32.3,165.5,18,0.383,1
72.33,83.5,3,0.498,1
42.94,31.2,22,0.29,1
47.29,57.7,4,0.131,1
18.75,93.9,7,0.738,0
60.92,47.3,7,0.16,1
51.17,104.9,8,0.365,1
88.48,16.8,19,0.299,1
15.32,71.0,7,0.378,0
52.4,135.8,14,0.434,1
73.98,114.9,21,0.404,1
32.66,100.6,23,0.096,1
14.04,435.5,10,0.468,0
72.96,170.1,4,0.161,1
41.97,12.3,12,0.283,1
16.38,196.8,12,0.77,0
81.73,13.4,23,0.183,1
52.08,160.7,17,0.492,1
88.42,91.8,18,0.202,1
8.15,104.6,6,0.401,0
24.7,354.6,5,0.417,0
47.74,83.0,25,0.234,1
10.67,82.9,5,0.75,0
68.37,143.5,4,0.041,1
11.02,492.6,10,0.454,0
80.92,123.7,17,0.019,1
76.71,69.1,15,0.522,1
39.21,83.7,14,0.205,1
17.3,345.9,6,0.554,0
87.63,9.5,8,0.274,1
63.7,50.8,11,0.387,1
66.71,126.4,18,0.11,1
34.44,35.2,25,0.245,1
70.92,153.0,13,0.367,1
16.58,216.8,4,0.903,0
27.82,404.4,12,0.585,0
89.11,143.6,10,0.435,1
63.24,69.6,20,0.071,1
2.16,275.0,11,0.817,0
23.11,504.6,1,0.431,0
34.45,86.5,19,0.189,1
23.44,405.5,2,0.849,0
60.17,156.9,6,0.285,1
39.72,168.6,10,0.19,1
26.86,516.8,4,0.478,0
8.38,397.5,9,0.697,0
5.22,568.5,2,0.461,0
27.07,242.3,9,0.377,0
2.62,572.2,12,0.725,0
23.05,285.0,10,0.37,0
16.45,406.6,4,0.664,0
20.61,220.6,1,0.798,0
54.94,86.3,13,0.334,1
73.1,133.5,14,0.536,1
52.23,103.3,13,0.133,1
56.98,29.7,4,0.16,1
66.92,48.4,8,0.447,1
21.68,162.5,2,0.674,0
15.06,226.6,0,0.409,0
57.43,47.1,21,0.194,1
59.69,159.4,23,0.37,1
30.49,23.8,7,0.485,1
22.96,257.6,6,0.383,0
11.0,215.8,6,0.678,0
8.53,594.1,10,0.747,0
35.8,70.3,13,0.307,1
38.66,110.4,15,0.275,1
38.22,63.3,18,0.286,1
83.59,29.5,22,0.175,1
66.99,152.5,21,0.185,1
16.06,442.7,4,0.659,0
49.87,24.2,16,0.321,1
21.81,431.5,0,0.738,0
69.34,175.1,21,0.318,1
17.58,152.1,10,0.819,0
11.53,503.7,3,0.371,0
3.47,70.2,5,0.622,0
42.23,92.8,22,0.506,1
22.12,93.6,2,0.687,0
29.93,318.3,6,0.554,0
84.73,64.9,14,0.372,1
20.48,494.0,4,0.747,0
44.79,102.7,10,0.518,1
23.17,440.6,11,0.808,0
50.93,168.4,11,0.158,1
16.38,543.7,6,0.882,0
24.17,216.8,4,0.971,0
85.44,119.8,18,0.118,1
8.28,363.5,4,0.439,0
17.68,190.9,10,0.938,0
43.97,22.5,13,0.395,1
76.25,5.9,20,0.538,1
69.17,159.1,18,0.263,1
87.83,61.2,23,0.033,1
19.63,185.4,11,0.82,0
27.41,154.5,2,0.957,0
80.17,142.9,8,0.515,1
27.79,533.4,0,0.544,0
27.86,240.9,7,0.993,0
14.91,566.8,8,0.654,0
36.76,33.4,17,0.357,1
0.62,242.0,4,0.719,0
5.43,522.3,6,0.888,0
2.78,421.4,2,0.988,0
86.15,6.2,15,0.13,1
28.62,223.1,11,0.722,0
51.57,46.4,24,0.065,1
54.32,92.9,25,0.423,1
19.23,567.9,5,0.75,0
38.01,31.8,22,0.205,1
27.39,469.0,12,0.782,0
44.85,137.1,5,0.289,1
10.98,555.3,1,0.39,0
15.26,369.3,2,0.457,0
13.36,427.4,11,0.729,0
60.62,146.5,17,0.073,1
63.83,102.8,24,0.444,1
12.0,500.9,11,0.492,0
55.42,127.6,20,0.547,1
2.26,564.2,0,0.537,0
38.13,117.3,23,0.53,1
83.48,83.5,15,0.207,1
19.91,351.2,10,0.909,0
89.57,73.8,7,0.4,1
30.21,9.0,12,0.255,1
12.83,264.8,3,0.511,0
46.54,169.0,6,0.018,1
18.52,565.6,0,0.506,0
65.64,83.1,24,0.387,1
74.43,75.4,10,0.297,1
23.32,135.7,4,0.502,0
17.36,371.8,12,0.787,0
48.11,30.1,24,0.287,1
46.51,102.4,21,0.484,1
18.85,290.7,7,0.38,0
68.6,71.7,19,0.175,1
38.95,70.9,20,0.26,1
9.16,442.1,12,0.651,0
54.76,77.9,19,0.074,1
42.2,118.2,17,0.466,1
73.48,38.3,11,0.207,1
1.38,99.3,12,0.845,0
16.85,318.9,5,0.547,0
6.51,162.6,11,0.426,0
14.47,191.0,9,0.807,0
44.36,61.3,12,0.209,1
10.9,201.2,8,0.924,0
78.17,131.4,13,0.503,1
54.84,103.4,10,0.408,1
63.2,107.2,16,0.162,1
43.8,104.7,10,0.275,1
20.6,199.0,7,0.978,0
14.81,150.8,12,0.579,0
62.79,37.2,20,0.545,1
15.81,513.1,1,0.964,0
22.97,282.7,10,0.5,0
0.47,333.1,5,0.389,0
28.02,552.9,10,0.667,0
63.1,7.1,19,0.397,1
8.74,331.2,11,0.788,0
27.3,117.8,1,0.691,0
67.19,49.2,14,0.147,1
52.38,76.1,21,0.134,1
9.14,507.2,1,0.775,0
22.83,110.5,6,0.595,0
68.2,128.0,5,0.275,1
77.06,104.0,6,0.492,1
7.04,546.7,11,0.927,0
32.79,18.0,11,0.495,1
1.18,561.5,5,0.36,0
38.65,148.6,15,0.511,1
63.84,104.2,15,0.372,1
11.63,459.5,12,0.993,0
15.12,586.1,0,0.413,0
34.56,110.9,22,0.525,1
76.41,10.2,11,0.431,1
43.69,101.8,15,0.238,1
19.88,106.3,9,0.542,0
34.41,51.9,15,0.391,1
22.23,231.0,1,0.409,0
13.45,471.1,1,0.436,0
56.93,102.1,16,0.057,1
63.25,109.5,13,0.475,1
54.83,141.4,20,0.498,1
17.24,151.6,6,0.46,0
46.1,30.5,8,0.239,1
59.05,18.5,11,0.519,1
14.97,393.0,7,0.42,0
86.93,63.1,22,0.209,1
13.31,292.5,10,0.983,0
49.24,170.8,9,0.263,1
53.89,60.8,25,0.348,1
23.5,236.0,4,0.881,0
36.83,103.7,21,0.548,1
76.06,9.7,17,0.519,1
77.86,150.5,5,0.45,1
12.39,329.6,10,0.547,0
39.25,79.0,15,0.041,1
14.48,276.4,8,0.95,0
12.66,79.9,5,0.806,0
17.89,553.8,1,0.85,0
10.78,409.4,0,0.716,0
19.47,582.1,5,0.978,0
30.63,50.3,19,0.411,1
20.69,179.4,5,0.604,0
17.73,330.3,5,0.999,0
9.0,557.1,1,0.425,0
4.42,228.4,7,0.86,0
10.58,112.7,11,0.803,0
48.02,146.8,6,0.012,1
36.56,145.0,10,0.284,1
10.06,290.2,7,0.501,0
41.07,117.1,16,0.218,1
26.51,302.8,6,0.603,0
6.33,466.3,12,0.867,0
24.02,349.9,5,0.562,0
45.74,156.0,19,0.531,1
53.32,73.7,6,0.191,1
18.59,499.4,11,0.87,0
17.78,422.9,5,0.427,0
40.98,126.4,19,0.214,1
17.32,288.4,7,0.763,0
19.42,599.9,8,0.458,0
41.23,152.3,22,0.029,1
30.58,28.9,15,0.53,1
14.95,429.7,6,0.812,0
40.04,103.9,10,0.161,1
62.26,34.4,17,0.311,1
14.96,335.8,9,0.424,0
24.73,258.1,12,0.377,0
16.48,594.5,1,0.828,0
7.57,532.4,0,0.642,0
79.0,81.8,6,0.427,1
78.64,107.9,14,0.474,1
12.96,392.7,12,0.484,0
33.56,66.4,11,0.328,1
88.74,56.2,21,0.147,1
29.56,426.8,1,0.438,0
12.46,92.0,4,0.914,0
81.96,48.7,25,0.177,1
80.61,73.7,7,0.318,1
54.85,84.1,23,0.437,1
12.2,464.9,11,0.959,0
87.02,62.3,3,0.478,1
2.97,585.0,10,0.782,0
33.8,98.5,9,0.532,1
14.94,234.3,4,0.57,0
17.07,322.1,5,0.931,0
1.57,398.1,7,0.361,0
4.91,306.5,6,0.482,0
4.13,411.0,2,0.918,0
2.98,254.6,1,0.592,0
5.13,274.0,4,0.822,0
12.99,109.2,1,0.351,0
37.96,44.6,24,0.245,1
50.61,26.1,16,0.382,1
43.74,20.6,6,0.057,1
47.96,72.0,7,0.353,1
2.24,364.2,9,0.773,0
73.35,114.9,7,0.506,1
13.38,177.3,1,0.441,0
73.8,66.5,16,0.173,1
46.62,19.7,20,0.331,1
8.69,568.3,0,0.901,0
9.19,339.6,8,0.473,0
68.77,142.2,10,0.272,1
59.97,108.9,19,0.489,1
51.67,60.4,15,0.473,1
11.09,428.8,12,0.656,0
2.37,377.2,0,0.52,0
33.63,143.1,19,0.158,1
23.05,288.7,6,0.404,0
18.55,209.8,4,0.401,0
29.22,143.9,5,0.604,0
25.06,427.8,1,0.552,0
87.21,46.8,10,0.047,1
57.2,111.5,12,0.366,1
5.43,66.8,2,0.806,0
87.18,96.5,11,0.092,1
76.87,52.0,6,0.424,1
78.43,52.6,5,0.145,1
18.89,327.9,8,0.584,0
17.09,258.6,4,0.853,0
20.28,122.3,11,0.681,0
81.78,47.8,18,0.2,1
5.53,578.6,0,0.709,0
22.26,286.5,5,0.511,0
9.73,506.0,9,0.592,0
27.07,156.8,12,0.685,0
54.06,158.5,12,0.425,1
35.18,84.9,14,0.11,1
9.25,396.3,7,0.589,0
29.92,479.0,11,0.935,0
7.5,63.4,6,0.366,0
19.14,434.5,0,0.968,0
69.44,153.6,12,0.057,1
7.3,325.7,0,0.982,0
46.79,12.7,10,0.494,1
21.08,261.1,11,0.405,0
38.01,148.5,5,0.326,1
69.75,27.9,12,0.144,1
78.05,127.6,13,0.175,1
34.48,40.5,21,0.06,1
56.97,60.0,6,0.295,1
6.39,226.5,4,0.904,0
78.46,58.2,25,0.383,1
80.16,62.4,5,0.391,1
12.0,86.4,4,0.519,0
1.13,278.4,7,0.711,0
3.02,115.0,12,0.441,0
79.82,176.9,7,0.109,1
71.18,169.1,5,0.32,1
78.76,8.8,5,0.109,1
24.31,109.7,12,0.566,0
57.66,34.4,21,0.238,1
14.98,266.7,6,0.462,0
41.23,54.0,7,0.019,1
7.52,219.4,6,0.924,0
35.26,72.0,16,0.11,1
15.86,400.6,12,0.703,0
52.95,129.8,18,0.299,1
27.39,331.3,6,0.526,0
65.83,10.1,11,0.032,1
15.97,474.1,3,0.983,0
69.41,51.6,4,0.42,1
17.35,590.6,6,0.581,0
25.38,155.1,9,0.557,0
10.89,379.4,11,0.805,0
16.99,364.1,3,0.894,0
29.11,352.7,2,0.669,0
43.96,43.3,19,0.263,1
66.85,146.1,13,0.394,1
25.35,234.7,0,0.446,0
4.42,119.9,8,0.909,0
11.33,568.6,6,0.731,0
49.36,175.8,16,0.436,1
19.54,154.1,8,0.801,0
23.64,180.5,9,0.879,0
74.04,56.5,8,0.401,1
28.46,271.5,12,0.977,0
66.14,166.2,22,0.121,1
28.1,135.9,11,0.401,0
49.17,116.3,5,0.452,1
21.93,241.3,0,0.522,0
34.07,49.9,6,0.396,1
56.29,78.4,8,0.487,1
11.48,354.9,1,0.889,0
17.42,469.5,3,0.456,0
80.75,56.6,13,0.144,1
50.51,160.4,8,0.403,1
26.96,110.3,9,0.99,0
21.19,292.9,10,0.457,0
4.88,114.7,3,0.983,0
63.25,167.0,20,0.146,1
44.25,13.7,21,0.302,1
1.82,62.1,1,0.541,0
18.08,167.8,0,0.485,0
29.31,315.7,1,0.55,0
59.35,120.7,5,0.353,1
52.26,71.8,8,0.245,1
57.9,44.6,11,0.31,1
71.79,21.9,24,0.189,1
29.12,378.5,8,0.39,0
61.35,174.0,24,0.477,1
82.9,88.3,5,0.217,1
1.23,368.5,8,0.87,0
18.68,125.0,12,0.642,0
5.18,174.4,3,0.432,0
89.3,81.2,23,0.081,1
9.73,452.6,12,0.394,0
53.84,62.1,11,0.286,1
0.57,438.2,9,0.69,0
54.87,30.9,21,0.32,1
3.19,117.0,12,0.416,0
62.14,65.2,16,0.145,1
17.24,315.4,2,0.529,0
66.52,126.4,4,0.218,1
20.77,86.6,7,0.949,0
0.8,501.4,4,0.552,0
25.77,429.8,3,0.437,0
13.4,505.9,4,0.824,0
2.86,298.5,6,0.832,0
26.03,503.3,8,0.864,0
72.57,75.6,19,0.484,1
41.57,150.8,4,0.137,1
85.08,128.3,11,0.203,1
53.82,166.5,24,0.017,1
65.64,36.1,18,0.323,1
39.81,161.5,25,0.05,1
32.98,154.4,9,0.471,1
20.39,205.3,6,0.684,0
29.01,428.4,7,0.942,0
18.11,64.6,4,0.745,0
21.43,443.1,4,0.625,0
50.92,49.1,17,0.166,1
18.78,375.6,0,0.682,0
25.32,262.1,10,0.736,0
71.06,89.3,13,0.544,1
25.86,201.0,11,0.969,0
5.81,339.3,3,0.935,0
24.1,384.0,10,0.558,0
31.53,92.0,12,0.143,1
53.3,11.2,25,0.547,1
10.42,445.2,10,0.698,0
27.21,422.8,8,0.545,0
69.46,102.7,12,0.054,1
45.52,146.5,8,0.521,1
19.7,180.0,3,0.834,0
77.29,63.0,11,0.322,1
37.07,14.4,23,0.321,1
2.32,540.3,8,0.428,0
15.98,283.1,2,0.439,0
54.55,104.6,17,0.079,1
5.57,103.6,5,0.76,0
68.07,5.8,11,0.115,1
17.37,145.6,12,0.846,0
66.87,115.9,15,0.236,1
30.28,98.4,14,0.523,1
22.75,346.8,0,0.79,0
7.61,434.5,5,0.553,0
60.2,58.6,5,0.453,1
47.45,132.4,22,0.288,1
71.21,28.4,18,0.198,1
86.89,165.7,15,0.011,1
89.09,42.0,3,0.324,1
52.0,118.8,4,0.206,1
23.18,396.5,9,0.997,0
19.67,70.7,11,0.425,0
37.42,49.2,25,0.084,1
18.98,222.6,10,0.416,0
18.75,438.4,6,0.89,0
73.13,25.6,6,0.432,1
18.34,480.1,8,0.983,0
54.59,33.1,20,0.273,1
85.99,62.9,3,0.007,1
36.63,105.5,18,0.082,1
60.7,131.6,6,0.498,1
13.81,587.7,4,0.652,0
40.48,11.9,12,0.198,1
12.89,122.6,12,0.929,0
38.3,118.3,13,0.197,1
67.31,158.7,5,0.205,1
36.83,75.0,17,0.15,1
81.04,145.0,23,0.487,1
37.95,132.1,8,0.057,1
14.58,367.2,7,0.468,0
51.52,10.0,24,0.484,1
26.77,320.9,7,0.423,0
32.76,50.8,13,0.007,1
15.83,461.6,11,0.717,0
20.15,242.7,8,0.797,0
13.09,452.4,7,0.575,0
11.67,513.1,8,0.93,0
0.55,564.6,8,0.902,0
26.1,100.4,7,0.558,0
46.69,93.7,20,0.354,1
44.1,85.3,21,0.246,1
13.52,124.1,7,0.834,0
54.21,11.3,20,0.0,1
66.25,113.3,12,0.49,1
19.7,306.4,5,0.586,0
43.38,84.5,20,0.422,1
21.55,256.2,7,0.424,0
6.81,244.3,10,0.977,0
61.32,127.9,4,0.493,1
24.68,461.0,6,0.42,0
5.79,562.3,6,0.49,0
5.88,242.5,12,0.619,0
25.15,378.0,12,0.93,0
65.36,93.2,18,0.002,1
16.68,293.7,9,0.664,0
27.64,155.7,9,0.463,0
3.28,415.1,9,0.924,0
11.66,588.9,11,0.846,0
87.82,174.8,17,0.443,1
66.15,160.1,19,0.164,1
25.84,444.4,8,0.761,0
67.45,55.9,14,0.507,1
72.62,175.7,8,0.277,1
9.8,122.3,5,0.715,0
28.28,443.5,10,0.836,0
8.72,517.5,12,0.358,0
52.85,14.3,4,0.11,1
4.99,214.8,4,0.445,0
77.06,40.7,20,0.018,1
3.25,528.7,11,0.715,0
68.83,73.1,19,0.431,1
8.77,418.8,6,0.602,0
29.27,228.8,8,0.385,0
6.25,529.2,7,0.889,0
21.19,409.7,12,0.732,0
6.05,451.5,3,0.541,0
70.96,37.7,8,0.404,1
32.44,53.8,11,0.072,1
7.8,238.5,11,0.959,0
85.72,109.5,23,0.339,1
14.81,369.2,5,0.397,0
15.85,576.8,8,0.394,0
12.59,350.0,1,0.577,0
19.96,238.8,4,0.492,0
16.0,598.2,12,0.988,0
70.14,83.0,23,0.338,1
28.77,428.6,5,0.598,0
3.58,198.6,11,0.534,0
24.69,262.5,12,0.681,0
9.03,411.8,5,0.684,0
5.19,576.4,8,0.697,0
6.48,399.9,3,0.912,0
36.24,99.1,25,0.483,1
13.17,501.0,1,0.835,0
57.55,63.1,5,0.04,1
45.11,17.3,10,0.501,1
57.07,75.8,13,0.009,1
16.13,406.4,9,0.391,0
1.56,518.1,5,0.953,0
77.21,57.7,5,0.155,1
11.56,503.9,0,0.658,0
4.26,271.1,12,0.902,0
68.04,57.2,23,0.205,1
16.69,359.7,1,0.377,0
11.94,355.7,1,0.548,0
27.12,245.7,6,0.939,0
4.44,159.4,9,0.893,0
40.88,144.9,4,0.468,1
29.82,309.1,8,0.398,0
7.67,166.6,9,0.667,0
37.69,119.7,6,0.157,1
41.61,90.0,13,0.339,1
65.05,104.0,14,0.444,1
5.22,229.1,12,0.494,0
13.19,513.7,2,0.792,0
58.8,82.9,12,0.268,1
68.73,19.3,11,0.472,1
62.32,51.1,23,0.042,1
31.12,93.8,3,0.447,1
23.11,174.9,0,0.709,0
29.95,314.9,12,0.447,0
83.49,108.2,12,0.074,1
2.9,256.5,0,0.781,0
24.23,391.6,2,0.842,0
39.55,104.1,21,0.363,1
22.12,321.1,5,0.376,0
7.1,202.8,3,0.378,0
84.46,68.2,18,0.505,1
1.39,410.2,1,0.807,0
24.92,510.8,4,0.726,0
11.42,264.4,9,0.775,0
15.59,263.2,3,0.686,0
82.06,90.2,18,0.488,1
82.92,82.0,10,0.042,1
6.5,160.9,5,0.741,0
19.89,283.9,5,0.818,0
14.46,173.8,2,0.771,0
44.62,27.4,21,0.089,1
1.37,369.0,0,0.458,0
15.59,278.9,9,0.764,0
21.89,503.5,1,0.491,0
14.24,320.1,3,0.89,0
23.87,503.0,2,0.755,0
5.2,430.2,7,0.738,0
52.69,28.1,3,0.111,1
15.22,286.7,2,0.744,0
84.1,110.0,20,0.277,1
58.93,27.8,22,0.297,1
86.26,123.7,16,0.287,1
32.61,97.7,10,0.516,1
23.1,249.3,12,0.832,0
20.95,112.8,2,0.515,0
27.31,105.3,9,0.92,0
41.34,129.1,3,0.318,1
30.43,119.5,25,0.442,1
36.39,79.6,21,0.139,1
12.82,257.4,4,0.995,0
42.22,101.6,20,0.265,1
63.29,49.4,12,0.318,1
12.06,134.6,10,0.427,0
76.99,171.1,6,0.118,1
50.31,101.4,25,0.377,1
53.35,116.3,5,0.453,1
66.01,20.4,11,0.122,1
32.27,72.3,15,0.338,1
21.4,382.6,12,0.883,0
13.28,168.9,10,0.955,0
6.0,483.3,8,0.685,0
40.17,11.3,10,0.36,1
2.79,209.0,6,0.58,0
65.16,95.6,25,0.038,1
47.07,150.2,21,0.191,1
8.44,387.4,3,0.646,0
30.28,35.6,19,0.059,1
47.66,170.7,19,0.526,1
24.42,370.4,11,0.638,0
59.02,47.6,13,0.529,1
57.64,107.7,3,0.265,1
52.96,143.0,10,0.372,1
48.94,172.2,19,0.295,1
8.05,215.1,6,0.788,0
2.46,563.0,7,0.554,0
64.42,37.0,24,0.512,1
74.23,46.1,10,0.48,1
42.17,48.7,22,0.196,1
3.77,102.4,10,0.67,0
81.43,172.6,18,0.204,1
83.89,159.2,21,0.478,1
29.53,554.6,4,0.609,0
4.02,343.9,6,0.661,0
15.17,272.6,10,0.854,0
37.22,95.7,13,0.379,1
42.65,106.7,13,0.199,1
5.78,201.9,4,0.656,0
11.1,329.3,3,0.622,0
11.08,276.3,7,0.467,0
64.55,45.0,6,0.396,1
16.74,522.4,3,0.445,0
4.66,495.1,2,0.624,0
83.6,115.4,20,0.396,1
9.14,363.6,9,0.381,0
39.8,42.7,11,0.262,1
13.6,240.7,5,0.584,0
24.33,245.8,6,0.429,0
28.89,167.4,9,0.772,0
29.38,213.7,5,0.788,0
22.14,540.4,6,0.749,0
87.4,156.9,23,0.444,1
67.88,105.0,5,0.044,1
48.81,119.3,25,0.147,1
8.28,300.2,5,0.836,0
13.61,150.4,0,0.431,0
45.1,135.2,5,0.116,1
35.73,168.9,18,0.302,1
53.82,138.9,5,0.057,1
2.71,563.1,6,0.551,0
47.05,114.6,7,0.29,1
32.11,67.4,13,0.475,1
82.25,168.6,20,0.245,1
20.98,155.6,9,0.647,0
26.33,294.9,10,0.766,0
50.83,99.4,5,0.243,1
45.59,58.1,3,0.288,1
4.26,214.9,8,0.355,0
28.41,317.6,0,0.848,0
17.98,490.3,8,0.593,0
63.63,74.1,8,0.393,1
24.88,179.1,1,0.624,0
75.87,164.2,25,0.377,1
74.58,146.5,16,0.103,1
38.2,24.3,17,0.34,1
67.37,37.9,3,0.084,1
0.86,585.1,4,0.525,0
21.86,185.7,2,0.36,0
55.21,142.5,18,0.549,1
77.49,62.8,7,0.031,1
2.33,313.9,3,0.932,0
52.89,7.2,25,0.137,1
13.4,458.3,0,0.479,0
3.0,419.6,3,0.657,0
9.5,234.5,10,0.823,0
16.57,126.0,7,0.765,0
83.25,156.1,9,0.535,1
56.05,7.6,11,0.322,1
44.59,174.5,21,0.431,1
65.77,70.0,5,0.137,1
20.63,242.7,12,0.756,0
68.67,127.7,6,0.069,1
88.9,143.0,14,0.443,1
41.58,125.6,14,0.398,1
32.37,128.7,20,0.162,1
5.85,160.8,5,0.56,0
82.06,109.8,20,0.088,1
13.59,502.5,8,0.589,0
68.28,71.3,8,0.486,1
11.05,394.9,5,0.819,0
16.26,269.2,8,0.794,0
4.79,212.9,6,0.767,0
61.39,16.7,7,0.098,1
36.42,38.5,4,0.314,1
19.8,343.9,11,0.734,0
43.24,130.6,3,0.512,1
59.48,160.7,5,0.257,1
10.95,461.5,6,0.884,0
1.94,393.1,8,0.376,0
48.23,170.3,19,0.053,1
16.04,162.3,8,0.777,0
28.43,361.5,8,0.62,0
68.32,67.6,17,0.386,1
36.25,143.7,20,0.221,1
39.49,179.7,17,0.513,1
16.59,598.3,5,0.618,0
24.81,234.7,3,0.716,0
75.94,167.1,11,0.198,1
87.59,5.0,4,0.541,1
15.62,596.4,4,0.354,0
6.6,230.0,12,0.884,0
8.42,359.0,8,0.721,0
3.01,308.6,2,0.44,0
64.93,45.8,12,0.051,1
85.07,133.5,13,0.436,1
79.54,125.7,21,0.451,1
68.54,11.5,21,0.21,1
27.66,240.6,6,0.621,0
26.11,182.4,10,0.902,0
19.08,401.4,0,0.548,0
62.4,31.2,19,0.384,1
70.42,179.5,17,0.414,1
2.88,293.2,12,0.606,0
34.95,105.0,4,0.301,1
53.91,81.0,25,0.072,1
63.56,90.4,23,0.314,1
29.9,343.1,3,0.397,0
9.83,559.0,1,0.423,0
51.92,38.3,14,0.327,1
48.29,177.8,22,0.452,1
18.76,297.9,3,0.48,0
75.46,154.2,6,0.407,1
67.26,30.8,12,0.008,1
3.51,303.0,0,0.566,0
6.51,355.1,12,0.518,0
21.94,136.3,11,0.784,0
84.36,97.2,11,0.094,1
77.35,113.1,4,0.256,1
2.18,416.6,10,0.904,0
25.95,70.3,10,0.601,0
15.35,443.2,5,0.665,0
2.82,167.4,7,0.714,0
1.38,558.0,4,0.567,0
39.42,65.7,14,0.195,1
89.76,176.3,11,0.447,1
26.38,540.8,0,0.964,0
6.92,244.6,6,0.777,0
52.93,173.1,22,0.48,1
12.63,369.4,6,0.981,0
10.01,352.8,3,0.774,0
20.58,169.2,2,0.551,0
15.8,133.0,12,0.444,0
27.52,231.4,8,0.696,0
5.69,513.3,2,0.823,0
26.42,283.6,6,0.547,0
24.68,403.9,11,0.528,0
3.38,159.8,12,0.991,0
18.24,390.7,9,0.501,0
10.9,431.6,7,0.437,0
14.16,410.8,2,0.904,0
4.3,164.4,0,0.616,0
27.77,573.1,3,0.833,0
22.77,95.7,7,0.914,0
9.88,307.1,3,0.628,0
18.31,505.1,11,0.553,0
22.32,380.7,8,0.767,0
1.35,119.0,7,0.888,0
89.75,95.8,15,0.541,1
53.24,138.9,4,0.104,1
83.06,140.4,12,0.254,1
66.79,14.5,19,0.497,1
68.77,20.8,19,0.062,1
28.14,435.9,2,0.605,0
31.49,84.4,25,0.493,1
2.89,235.0,10,0.94,0
21.6,126.7,1,0.809,0
2.74,441.9,11,0.864,0
28.49,264.5,6,0.379,0
50.11,157.5,7,0.089,1
76.15,14.0,12,0.17,1
13.49,398.3,1,0.934,0
0.31,473.3,0,0.648,0
16.39,63.1,7,0.505,0
14.37,281.5,1,0.741,0
82.93,53.7,23,0.307,1
1.66,140.1,10,0.577,0
31.95,106.2,22,0.164,1
1.66,285.2,2,0.455,0
69.66,127.5,21,0.433,1
57.32,106.3,4,0.051,1
52.11,71.3,5,0.417,1
2.13,314.2,1,0.802,0
61.62,96.8,25,0.115,1
64.28,176.4,19,0.543,1
20.72,564.3,11,0.537,0
9.63,343.7,9,0.58,0
63.76,95.9,23,0.274,1
26.52,185.7,4,0.987,0
31.44,114.5,6,0.406,1
66.92,77.6,4,0.184,1
19.19,66.1,3,0.799,0
34.07,57.5,20,0.178,1
71.15,64.7,21,0.339,1
40.54,62.8,13,0.507,1
58.47,11.2,7,0.265,1
26.77,350.0,5,0.651,0
27.84,90.3,8,0.545,0
9.6,349.4,3,0.725,0
84.97,144.3,5,0.533,1
31.87,177.1,23,0.294,1
66.34,37.8,6,0.476,1
21.21,229.8,0,0.526,0
82.62,70.0,12,0.119,1
36.73,142.4,9,0.502,1
31.5,89.5,19,0.085,1
59.01,157.9,12,0.427,1
82.31,148.9,19,0.372,1
73.47,85.4,25,0.476,1
48.66,12.7,22,0.48,1
83.35,23.0,24,0.41,1
75.51,116.8,9,0.176,1
46.6,60.9,17,0.369,1
39.45,25.0,22,0.308,1
62.55,101.1,11,0.078,1
8.64,192.2,1,0.552,0
16.3,87.4,0,0.656,0
3.36,89.1,6,0.605,0
26.75,399.9,11,0.805,0
9.51,501.4,11,0.843,0
2.54,558.3,12,0.653,0
78.77,165.9,17,0.053,1
68.67,139.1,18,0.127,1
81.67,113.0,14,0.216,1
20.02,485.9,5,0.645,0
58.52,66.5,17,0.465,1
50.92,105.6,19,0.057,1
23.94,236.0,10,0.396,0
57.66,108.3,10,0.341,1
29.21,267.3,5,0.485,0
13.04,589.3,9,0.862,0
7.24,417.8,1,0.831,0
25.13,121.7,9,0.651,0
24.69,155.1,6,0.395,0
78.84,140.0,15,0.18,1
2.03,177.5,2,0.927,0
19.15,60.1,2,0.78,0
47.49,112.7,17,0.108,1
9.63,367.9,10,0.548,0
13.15,590.6,5,0.994,0
18.42,335.6,2,0.904,0
84.06,174.4,3,0.387,1
10.9,525.1,0,0.503,0
11.95,231.8,6,0.614,0
42.67,35.3,7,0.104,1
85.47,152.0,7,0.159,1
3.94,66.3,10,0.36,0
14.7,295.8,2,0.405,0
12.59,306.3,12,0.802,0
18.77,305.4,6,0.709,0
51.32,37.5,22,0.004,1
21.97,444.6,4,0.617,0
11.13,588.2,9,0.664,0
64.82,173.3,5,0.078,1
29.5,591.2,12,0.532,0
15.79,389.4,3,0.657,0
28.81,102.2,10,0.7,0
18.46,547.9,8,0.856,0
60.76,87.1,13,0.232,1
23.98,216.2,0,0.802,0
9.26,483.9,4,0.39,0
40.14,14.0,12,0.445,1
8.74,104.6,8,0.4,0
7.71,392.5,4,0.908,0
36.69,35.6,21,0.406,1
11.22,154.7,12,0.806,0
24.01,525.5,5,0.99,0
17.94,503.7,7,0.839,0
52.99,120.6,23,0.092,1
25.28,89.3,4,0.841,0
40.06,74.8,12,0.262,1
27.68,186.2,10,0.809,0
38.71,157.3,3,0.159,1
11.58,230.5,8,0.794,0
85.06,116.5,16,0.336,1
8.32,206.0,12,0.414,0
11.85,477.5,11,0.507,0
23.15,340.8,10,0.799,0
62.86,122.7,5,0.007,1
36.23,83.0,10,0.399,1
32.04,113.4,4,0.516,1
25.09,573.3,10,0.429,0
2.77,386.5,6,0.777,0
17.06,582.3,1,0.802,0
58.02,168.8,23,0.249,1
23.12,433.8,10,0.85,0
39.72,17.9,4,0.211,1
33.6,172.2,11,0.098,1
88.77,40.1,15,0.098,1
4.49,475.1,3,0.749,0
56.49,50.3,4,0.04,1
7.67,300.8,7,0.447,0
27.99,418.9,4,0.449,0
53.48,5.6,25,0.517,1
13.19,515.8,12,0.878,0
43.55,72.3,25,0.45,1
17.1,564.9,5,0.567,0
33.31,179.5,23,0.05,1
28.83,103.4,7,0.844,0
42.19,102.0,15,0.363,1
53.41,23.7,25,0.198,1
67.97,133.7,7,0.02,1
89.78,46.7,15,0.035,1
9.37,348.3,12,0.642,0
1.3,90.3,12,0.819,0
42.7,119.4,19,0.252,1
26.24,140.4,9,0.501,0
74.13,90.6,3,0.259,1
1.56,438.7,2,0.359,0
27.15,503.2,1,0.647,0
65.46,148.1,6,0.063,1
18.54,94.1,3,0.627,0
29.46,426.3,5,0.429,0
16.46,233.7,12,0.489,0
40.41,16.1,11,0.078,1
71.78,101.8,17,0.134,1
4.17,487.2,10,0.748,0
0.67,323.0,0,0.355,0
21.25,380.6,4,0.621,0
23.21,433.9,3,0.443,0
57.03,46.9,8,0.336,1
40.8,92.5,5,0.345,1
10.56,62.5,3,0.475,0
29.3,394.2,12,0.991,0
14.03,398.3,3,0.53,0
77.8,124.9,18,0.274,1
85.36,14.5,14,0.157,1
50.06,145.9,17,0.024,1
27.75,155.0,12,0.369,0
2.31,187.1,7,0.735,0
41.93,123.4,13,0.127,1
43.67,46.5,16,0.478,1
43.24,87.4,18,0.03,1
42.97,111.7,8,0.213,1
73.19,115.6,11,0.111,1
71.53,15.4,7,0.061,1
55.09,138.1,10,0.488,1
23.72,404.5,9,0.939,0
16.67,184.0,6,0.907,0
29.86,379.5,7,0.531,0
22.13,193.2,5,0.632,0
85.65,170.6,21,0.494,1
32.65,178.5,19,0.018,1
14.48,490.9,1,0.644,0
63.51,7.2,16,0.522,1
47.75,118.3,5,0.009,1
5.02,308.0,9,0.836,0
57.29,140.1,25,0.223,1
11.23,310.7,10,0.351,0
11.67,433.0,8,0.371,0
46.19,170.6,20,0.316,1
71.08,113.6,13,0.405,1
86.72,123.1,4,0.061,1
67.15,69.0,8,0.356,1
16.9,477.7,2,0.988,0
36.81,88.7,21,0.479,1
22.64,470.9,5,0.579,0
70.81,53.5,5,0.205,1
60.09,150.2,18,0.39,1
16.07,217.8,9,0.589,0
20.85,588.2,1,0.472,0
2.8,271.0,2,0.537,0
3.46,209.0,11,0.446,0
42.26,171.6,3,0.161,1
16.33,131.3,5,0.623,0
0.84,162.1,0,0.917,0
86.85,117.8,16,0.318,1
23.64,322.5,10,0.803,0
13.46,224.2,2,0.934,0
77.36,44.7,14,0.534,1
1.61,250.7,7,0.972,0
4.99,349.1,2,0.983,0
20.84,419.8,2,0.455,0
89.63,105.5,17,0.143,1
63.75,11.1,13,0.538,1
56.91,175.7,20,0.166,1
12.25,329.7,2,0.966,0
4.85,583.9,8,0.984,0
72.33,87.9,12,0.533,1
29.81,420.1,12,0.717,0
13.37,432.1,11,0.661,0
70.68,25.5,3,0.221,1
13.49,109.9,0,0.745,0
61.59,141.7,11,0.108,1
80.97,123.5,5,0.537,1
59.43,110.6,19,0.519,1
10.96,139.9,6,0.59,0
47.08,66.5,17,0.481,1
73.67,82.7,16,0.442,1
78.34,174.8,16,0.401,1
80.13,109.6,7,0.114,1
82.05,177.7,5,0.513,1
11.39,63.6,10,0.944,0
63.35,129.3,7,0.11,1
8.82,324.9,4,0.892,0
63.56,86.1,3,0.435,1
48.01,117.1,23,0.26,1
26.79,285.3,7,0.939,0
1.05,472.9,7,0.996,0
74.73,106.7,21,0.24,1
71.15,175.5,6,0.205,1
0.72,200.2,9,0.388,0
82.7,28.7,8,0.029,1
68.17,172.2,4,0.159,1
28.09,337.5,12,0.758,0
18.04,150.3,5,0.917,0
20.61,222.6,10,0.804,0
62.07,66.5,7,0.007,1
11.31,321.8,5,0.949,0
43.07,93.1,9,0.437,1
20.74,574.3,8,0.813,0
24.11,285.4,1,0.426,0
31.04,65.9,25,0.199,1
26.7,382.7,12,0.981,0
48.28,135.3,6,0.122,1
4.44,182.4,2,0.486,0
12.85,472.0,1,0.401,0
22.76,83.0,1,0.371,0
17.87,313.3,4,0.378,0
30.62,21.9,6,0.506,1
84.07,37.3,14,0.016,1
74.77,53.5,21,0.191,1
60.04,132.5,10,0.278,1
79.18,138.6,19,0.119,1
46.91,162.8,20,0.002,1
27.73,557.1,11,0.659,0
5.71,423.7,1,0.468,0
52.78,42.5,10,0.224,1
9.56,311.6,8,0.438,0
21.19,360.9,0,0.403,0
11.66,306.8,11,0.553,0
13.43,359.1,4,0.99,0
81.41,161.6,18,0.516,1
30.77,123.0,24,0.058,1
69.51,19.9,7,0.217,1
29.32,460.4,2,0.392,0
10.29,381.3,6,0.43,0
21.8,210.4,11,0.848,0
22.73,492.5,6,0.581,0
28.5,593.3,8,0.531,0
3.42,195.4,7,0.5,0
1.09,458.4,1,0.674,0
40.75,110.8,13,0.084,1
3.07,101.3,12,0.688,0
14.08,218.5,7,0.669,0
50.62,155.4,20,0.01,1
29.71,535.3,1,0.599,0
52.58,85.4,4,0.097,1
23.42,537.7,2,0.669,0
72.94,90.3,6,0.313,1
16.7,351.3,7,0.659,0
15.29,271.3,7,0.734,0
70.59,139.1,12,0.176,1
32.71,151.5,14,0.445,1
23.0,397.6,6,0.413,0
51.44,66.5,24,0.134,1
48.73,19.9,25,0.036,1
50.26,8.4,13,0.021,1
12.79,338.0,6,0.523,0
17.72,592.3,6,0.721,0
35.86,90.5,25,0.371,1
60.17,138.9,13,0.092,1
88.17,40.3,23,0.466,1
25.23,349.4,4,0.522,0
64.41,145.8,22,0.409,1
80.65,21.6,13,0.15,1
16.02,290.6,5,0.867,0
9.19,494.2,6,0.781,0
54.86,49.0,19,0.249,1
5.58,70.0,11,0.686,0
59.95,120.6,17,0.147,1
24.3,520.5,6,0.958,0
1.98,168.3,7,0.446,0
71.12,57.5,16,0.226,1
27.34,402.3,6,0.524,0
39.64,125.2,10,0.223,1
41.51,48.0,12,0.255,1
13.19,409.3,0,0.481,0
31.75,143.2,11,0.362,1
81.15,173.7,18,0.43,1
83.79,59.9,12,0.477,1
12.32,256.3,10,0.926,0
80.39,152.5,10,0.062,1
27.99,341.9,9,0.967,0
7.7,537.7,3,0.74,0
9.54,509.5,11,0.603,0
7.23,288.3,2,0.419,0
46.47,76.5,21,0.031,1
21.04,121.0,8,0.625,0
28.9,534.9,2,0.586,0
24.67,71.4,9,0.373,0
24.0,89.5,12,0.787,0
53.08,116.8,25,0.2,1
3.84,528.2,7,0.603,0
11.91,588.1,4,0.546,0
22.74,220.6,2,0.945,0
26.4,474.0,6,0.863,0
34.81,141.4,18,0.259,1
80.47,130.5,6,0.453,1
15.28,250.0,9,0.824,0
9.93,435.4,12,0.384,0
18.97,487.2,2,0.352,0
48.33,105.8,6,0.087,1
29.09,508.5,12,0.435,0
12.42,567.3,7,0.661,0
7.97,431.2,5,0.87,0
54.87,36.8,15,0.52,1
6.89,572.0,8,0.771,0
27.21,586.0,3,0.52,0
1.68,393.7,9,0.519,0
52.08,170.8,6,0.008,1
23.24,561.3,10,0.671,0
42.19,170.6,11,0.158,1
4.08,522.4,9,0.49,0
21.85,162.3,2,0.616,0
47.41,50.8,22,0.248,1
64.97,118.3,5,0.006,1
49.39,126.3,24,0.117,1
55.4,109.5,5,0.052,1
49.97,46.1,14,0.548,1
29.01,383.0,11,0.876,0
60.27,71.7,15,0.369,1
83.53,12.2,8,0.143,1
27.91,534.1,2,0.408,0
13.1,200.6,5,0.379,0
82.3,151.1,14,0.509,1
82.62,112.3,11,0.284,1
39.9,134.0,18,0.42,1
81.18,120.0,17,0.029,1
43.79,11.3,11,0.09,1
36.96,161.7,18,0.022,1
72.54,89.9,18,0.062,1
4.61,248.8,3,0.914,0
40.1,94.0,11,0.31,1
6.53,598.9,0,0.692,0
12.61,101.5,12,0.674,0
49.72,54.7,24,0.067,1
85.75,23.6,13,0.085,1
79.84,120.4,17,0.346,1
69.48,62.6,4,0.361,1
9.88,455.0,11,0.939,0
4.05,526.2,12,0.768,0
33.33,17.4,22,0.21,1
40.68,173.9,15,0.049,1
5.05,480.9,4,0.771,0
4.79,221.2,12,0.631,0
9.44,429.9,2,0.583,0
52.05,40.0,17,0.487,1
63.78,79.0,16,0.446,1
13.13,290.0,0,0.684,0
20.35,409.7,11,0.451,0
18.95,343.3,4,0.654,0
78.09,57.6,7,0.376,1
44.92,79.9,21,0.026,1
32.71,23.8,16,0.227,1
73.22,147.2,14,0.14,1
60.21,24.9,24,0.255,1
25.31,84.4,6,0.92,0
65.23,84.6,24,0.247,1
10.37,555.8,12,0.472,0
74.82,110.7,24,0.058,1
0.37,123.0,2,0.776,0
54.31,120.1,22,0.399,1
78.79,112.9,25,0.371,1
11.97,223.4,2,0.438,0
78.96,126.8,9,0.472,1
68.92,118.7,16,0.463,1
16.24,106.5,12,0.651,0
31.31,34.1,7,0.406,1
59.1,8.4,17,0.322,1
64.17,150.9,4,0.184,1
80.86,80.6,16,0.467,1
17.95,359.3,4,0.374,0
60.8,131.8,24,0.498,1
7.11,92.8,0,0.624,0
33.81,161.3,16,0.489,1
67.36,118.1,17,0.384,1
47.28,38.6,14,0.241,1
17.71,429.9,9,0.905,0
14.16,536.9,11,0.812,0
25.02,423.5,11,0.584,0
88.26,33.4,9,0.155,1
20.07,129.7,3,0.452,0
23.84,569.2,7,0.547,0
32.82,8.2,11,0.196,1
79.68,161.5,4,0.444,1
36.84,44.7,20,0.123,1
50.42,67.2,4,0.424,1
26.9,520.8,8,0.743,0
33.03,170.6,17,0.529,1
29.24,482.1,9,0.858,0
24.74,82.7,1,0.459,0
42.32,68.3,12,0.389,1
15.05,530.1,2,0.771,0
38.27,153.5,17,0.533,1
0.4,510.8,7,0.572,0
2.74,261.1,12,0.62,0
7.51,466.7,8,0.624,0
78.11,77.3,16,0.494,1
15.58,428.4,0,0.638,0
21.58,339.4,1,0.405,0
88.92,33.8,4,0.216,1
85.35,31.4,21,0.032,1
21.45,416.6,8,0.982,0
83.15,127.6,12,0.397,1
50.65,149.7,19,0.336,1
54.24,117.7,20,0.343,1
13.37,246.4,12,0.858,0
41.84,57.8,4,0.296,1
73.13,159.0,19,0.546,1
35.57,101.6,19,0.187,1
0.9,540.8,8,0.735,0
76.45,132.1,19,0.061,1
52.38,114.7,14,0.068,1
28.24,302.3,9,0.829,0
88.98,145.9,21,0.311,1
18.9,348.0,9,0.502,0
70.02,147.6,21,0.37,1
15.68,193.7,5,0.686,0
76.71,84.5,7,0.391,1
2.64,93.6,2,0.66,0
52.16,97.1,21,0.307,1
26.18,375.5,10,0.625,0
85.86,90.7,16,0.453,1
37.63,129.5,7,0.532,1
15.96,435.0,7,0.658,0
28.32,259.4,1,0.741,0
37.25,105.1,4,0.288,1
48.3,70.5,12,0.267,1
4.43,378.4,0,0.959,0
47.01,37.0,18,0.001,1
2.21,84.1,7,0.722,0
27.02,481.9,7,0.892,0
4.16,134.8,10,0.65,0
56.94,156.6,13,0.049,1
18.78,269.1,6,0.57,0
70.23,82.5,11,0.355,1
21.27,368.9,12,0.852,0
68.71,117.7,5,0.106,1
17.38,88.6,9,0.689,0
15.17,70.1,10,0.959,0
31.14,142.7,10,0.456,1
17.46,105.7,8,0.744,0
32.7,155.8,3,0.187,1
31.44,97.4,15,0.141,1
35.96,34.4,7,0.1,1
4.79,574.2,10,0.46,0
9.89,74.7,0,0.544,0
38.55,161.3,11,0.207,1
3.8,169.4,12,0.738,0
60.52,93.3,6,0.148,1
63.19,16.5,3,0.224,1
83.17,52.1,21,0.371,1
63.28,142.4,12,0.313,1
80.78,92.6,7,0.205,1
23.5,350.3,6,0.975,0
1.44,498.8,9,0.538,0
0.22,564.1,7,0.528,0
70.8,179.9,23,0.117,1
8.58,147.2,8,0.716,0
53.72,26.5,7,0.399,1
26.36,173.9,8,0.972,0
70.93,65.0,11,0.539,1
8.33,417.6,5,0.572,0
65.97,7.8,25,0.074,1
18.34,62.3,0,0.787,0
83.72,128.1,15,0.296,1
19.54,101.9,0,0.93,0
13.46,126.6,6,0.888,0
40.63,139.4,25,0.541,1
52.23,38.8,3,0.122,1
46.87,166.2,14,0.105,1
18.83,496.5,3,0.502,0
11.01,211.6,11,0.81,0
41.77,148.7,15,0.061,1
60.02,34.8,9,0.363,1
20.53,365.2,1,0.732,0
4.0,564.1,3,0.923,0
8.37,517.7,0,0.995,0
16.08,196.6,8,0.924,0
55.63,122.8,23,0.029,1
13.09,597.4,4,0.429,0
14.96,339.3,0,0.924,0
46.68,78.5,17,0.174,1
50.08,159.0,3,0.545,1
71.37,172.6,10,0.108,1
33.77,114.4,3,0.264,1
17.85,398.2,5,0.896,0
58.41,172.8,4,0.452,1
7.25,99.4,9,0.753,0
18.83,372.6,1,0.983,0
11.44,540.6,11,0.392,0
85.15,82.3,12,0.336,1
36.11,14.8,4,0.162,1
35.75,136.6,10,0.476,1
18.79,304.8,7,0.867,0
18.65,243.4,10,0.859,0
49.69,38.7,6,0.007,1
17.86,514.0,9,0.432,0
10.79,320.0,9,0.639,0
77.82,15.6,12,0.321,1
19.61,253.2,9,0.925,0
4.59,226.7,5,0.539,0
15.62,415.1,2,0.387,0
25.08,523.7,6,0.573,0
19.28,168.7,1,0.572,0
20.9,590.2,9,0.8,0
17.06,241.3,4,0.622,0
57.26,143.1,4,0.273,1
19.23,434.3,7,0.756,0
74.08,171.7,13,0.444,1
54.02,149.6,3,0.2,1
31.8,25.2,12,0.242,1
27.39,254.4,0,0.479,0
43.14,50.8,8,0.187,1
5.52,71.6,4,0.942,0
70.65,71.3,6,0.186,1
57.37,69.7,14,0.363,1
29.31,598.8,6,0.921,0
38.67,166.7,9,0.105,1
52.46,109.9,23,0.135,1
66.96,38.1,20,0.162,1
44.83,115.2,11,0.48,1
29.05,538.4,3,0.823,0
23.76,392.0,2,0.681,0
19.42,334.9,7,0.687,0
72.75,97.0,18,0.394,1
8.19,276.5,12,0.73,0
43.17,40.5,10,0.218,1
83.32,105.0,14,0.14,1
75.1,56.6,19,0.193,1
14.06,395.4,6,0.643,0
52.05,92.1,11,0.21,1
44.03,117.9,14,0.496,1
60.11,100.7,5,0.432,1
3.13,98.5,0,0.705,0
70.51,48.8,24,0.465,1
66.24,29.1,25,0.407,1
0.45,221.7,5,0.859,0
54.35,106.5,23,0.007,1
29.67,573.8,6,0.498,0
6.45,186.2,9,0.861,0
21.72,309.2,12,0.406,0
12.97,568.6,6,0.486,0
63.51,70.6,21,0.481,1
74.27,92.5,24,0.459,1
55.15,125.0,15,0.42,1
9.13,377.0,9,0.86,0
4.78,574.4,5,0.719,0
27.42,369.9,6,0.987,0
53.44,98.5,9,0.261,1
87.72,116.8,12,0.051,1
63.17,10.6,25,0.332,1
41.94,164.5,15,0.156,1
69.57,17.2,4,0.203,1
49.61,164.2,15,0.086,1
62.19,88.7,5,0.214,1
6.35,530.0,4,0.631,0
14.34,386.0,4,0.732,0
20.6,208.7,0,0.994,0
79.47,110.8,10,0.289,1
26.39,308.5,9,0.375,0
68.78,165.8,14,0.385,1
9.06,391.0,12,0.902,0
40.77,113.1,16,0.252,1
5.66,367.1,6,0.804,0
83.13,32.6,23,0.296,1
2.19,452.3,3,0.941,0
75.71,26.2,14,0.042,1
75.99,62.1,17,0.091,1
32.68,9.7,23,0.382,1
11.55,462.8,3,0.608,0
36.88,165.5,13,0.369,1
57.68,19.4,24,0.133,1
4.38,503.0,2,0.461,0
36.03,56.5,20,0.408,1
70.28,7.0,11,0.084,1
43.0,11.0,24,0.293,1
32.87,116.1,19,0.353,1
26.92,270.9,4,0.639,0
1.65,263.8,3,0.954,0
44.31,21.0,16,0.015,1
79.23,124.0,5,0.121,1
23.94,508.4,2,0.821,0
60.75,147.7,13,0.309,1
42.43,99.8,16,0.066,1
51.39,35.4,15,0.36,1
42.77,43.5,24,0.448,1
11.19,96.4,3,0.617,0
15.08,594.9,11,0.699,0
25.54,152.6,1,0.74,0
20.94,426.1,12,0.801,0
68.12,159.7,13,0.538,1
2.21,69.5,9,0.642,0
22.3,331.8,11,0.992,0
66.98,161.9,12,0.13,1
44.61,18.9,7,0.206,1
39.1,40.8,4,0.131,1
29.65,299.6,5,0.437,0
77.22,11.9,16,0.356,1
31.42,153.2,13,0.189,1
33.24,165.6,10,0.441,1
6.83,531.3,8,0.559,0
30.36,157.2,5,0.525,1
89.52,169.2,7,0.05,1
24.96,563.2,3,0.68,0
58.02,33.7,9,0.135,1
44.94,54.9,17,0.532,1
81.75,89.2,14,0.219,1
56.48,93.4,16,0.418,1
23.84,70.7,6,0.628,0
84.39,57.5,20,0.084,1
7.86,310.4,7,0.534,0
14.52,239.9,11,0.655,0
41.38,7.2,19,0.402,1
54.27,77.8,15,0.534,1
59.37,117.2,21,0.039,1
29.77,127.2,9,0.456,0
28.71,476.5,12,0.819,0
14.76,431.8,11,0.388,0
55.44,48.2,18,0.019,1
19.0,425.3,11,0.783,0
66.33,170.2,7,0.14,1
28.55,514.4,0,0.426,0
72.7,72.3,25,0.322,1
15.65,162.0,6,0.458,0
71.51,92.6,20,0.362,1
48.48,77.0,5,0.06,1
23.96,499.7,4,0.837,0
12.06,226.4,2,0.881,0
34.19,126.9,19,0.229,1
55.86,35.9,8,0.387,1
40.92,171.0,17,0.312,1
42.06,136.2,9,0.143,1
12.38,398.5,9,0.421,0
2.58,106.3,1,0.53,0
65.14,88.6,24,0.418,1
45.96,172.2,24,0.32,1
3.08,342.1,0,0.594,0
28.86,203.6,7,0.658,0
55.77,69.9,13,0.55,1
28.23,419.1,6,0.747,0
26.21,495.4,0,0.647,0
21.8,539.5,2,0.367,0
61.84,171.4,10,0.203,1
19.83,316.6,6,0.779,0
68.28,169.8,13,0.009,1
32.75,146.3,13,0.373,1
59.07,134.4,5,0.192,1
28.25,317.1,10,0.907,0
22.07,218.7,3,0.813,0
26.3,483.8,11,0.678,0
77.81,57.7,24,0.548,1
14.11,544.1,1,0.663,0
7.45,152.0,10,0.805,0
89.6,10.1,13,0.496,1
6.77,199.1,7,0.968,0
20.02,558.3,10,0.822,0
71.51,157.6,21,0.421,1
19.38,263.6,11,0.833,0
19.68,483.9,6,0.875,0
36.94,20.3,5,0.187,1
5.81,568.7,9,0.589,0
28.62,371.5,0,0.552,0
5.86,269.6,6,0.558,0
70.76,144.4,19,0.365,1
3.38,65.0,7,0.555,0
9.04,178.2,10,0.646,0
4.55,419.3,12,0.888,0
49.21,92.9,25,0.068,1
21.25,318.3,3,0.672,0
11.42,589.8,5,0.449,0
25.46,564.6,3,0.805,0
81.93,36.3,18,0.4,1
78.9,164.7,8,0.545,1
10.25,426.1,5,0.843,0
61.67,54.5,25,0.508,1
16.53,112.6,5,0.839,0
24.18,518.9,11,0.548,0
17.39,298.6,7,0.539,0
43.09,136.0,23,0.005,1
17.35,426.3,2,0.595,0
20.44,150.8,0,0.412,0
5.55,88.3,8,0.773,0
29.09,398.6,6,0.509,0
53.8,58.0,22,0.525,1
11.38,433.6,12,0.786,0
57.82,148.2,15,0.151,1
11.14,124.8,1,0.429,0
27.26,181.5,9,0.722,0
8.35,462.5,12,0.735,0
90.0,128.0,12,0.314,1
33.81,164.1,20,0.102,1
0.79,360.3,8,0.859,0
2.1,512.1,8,0.814,0
3.9,466.6,10,0.933,0
65.95,36.5,20,0.246,1
32.35,105.6,23,0.089,1
25.56,78.9,1,0.679,0
62.67,79.0,24,0.0,1
86.77,95.9,12,0.363,1
64.62,126.6,19,0.501,1
18.26,335.7,11,0.414,0
7.26,161.6,4,0.906,0
38.05,101.6,21,0.197,1
67.34,18.0,11,0.143,1
5.07,306.3,4,0.79,0
4.47,170.0,10,0.826,0
20.96,164.0,5,0.716,0
15.44,148.6,2,0.556,0
11.49,580.6,3,0.4,0
36.6,101.0,5,0.181,1
84.55,141.2,7,0.478,1
30.59,71.0,10,0.208,1
85.54,35.8,12,0.324,1
3.05,248.4,9,0.913,0
18.3,544.1,2,0.557,0
5.58,495.3,10,0.979,0
17.91,518.8,7,0.735,0
71.2,129.8,24,0.07,1
74.13,14.3,23,0.536,1
7.62,388.7,11,0.648,0
51.24,87.0,12,0.152,1
86.5,159.2,10,0.168,1
28.42,279.5,5,0.899,0
2.48,189.6,1,0.457,0
74.6,102.0,18,0.445,1
86.9,123.5,7,0.264,1
29.93,539.6,11,0.431,0
41.41,150.5,3,0.393,1
22.53,191.9,11,0.78,0
29.97,570.3,10,0.746,0
28.94,424.2,12,0.69,0
34.51,151.9,19,0.194,1
59.73,34.8,6,0.186,1
24.98,519.4,1,0.539,0
8.09,61.2,10,0.72,0
48.29,168.3,23,0.284,1
28.07,541.9,7,0.387,0
57.62,57.2,6,0.003,1
5.75,251.4,1,0.63,0
61.75,162.2,16,0.068,1
4.84,414.6,3,0.656,0
51.87,161.1,20,0.446,1
56.31,151.9,8,0.077,1
0.37,537.1,11,0.479,0
32.42,74.0,13,0.496,1
41.94,88.9,24,0.541,1
59.34,91.7,24,0.393,1
75.86,159.3,19,0.399,1
24.8,131.0,1,0.865,0
50.65,7.4,24,0.13,1
10.39,587.3,11,0.355,0
8.61,104.6,6,0.511,0
60.67,48.7,6,0.475,1
7.57,503.1,3,0.658,0
3.27,454.4,9,0.468,0
17.81,402.6,3,0.428,0
46.43,38.6,7,0.234,1
2.91,87.5,6,0.691,0
29.4,179.8,6,0.661,0
19.38,224.3,4,0.586,0
21.4,193.4,0,0.468,0
69.63,61.3,12,0.26,1
3.2,159.8,7,0.586,0
35.81,7.4,20,0.424,1
51.63,146.8,21,0.291,1
69.01,41.8,15,0.048,1
67.77,110.3,4,0.323,1
19.69,162.8,11,0.64,0
86.51,113.3,12,0.399,1
6.22,449.2,0,0.433,0
72.7,161.0,20,0.536,1
13.56,447.4,6,0.394,0
85.88,93.2,3,0.092,1
88.05,55.7,21,0.033,1
5.87,499.8,7,0.795,0
29.14,149.4,12,0.681,0
11.83,387.9,3,0.47,0
43.07,126.9,19,0.25,1
15.84,223.8,3,0.543,0
37.15,44.2,20,0.131,1
38.89,159.6,7,0.149,1
19.34,194.5,3,0.697,0
50.85,110.9,14,0.179,1
26.53,202.6,2,0.615,0
9.87,90.9,0,0.886,0
87.91,35.9,3,0.296,1
23.38,481.5,1,0.82,0
28.37,199.0,10,0.762,0
24.53,179.1,4,0.483,0
25.77,273.6,7,0.501,0
11.18,547.2,1,0.672,0
78.94,35.8,21,0.27,1
19.49,71.4,2,0.925,0
20.68,161.4,2,0.397,0
84.55,174.8,6,0.398,1
75.03,7.1,6,0.208,1
79.59,138.6,23,0.514,1
76.21,51.8,23,0.33,1
0.48,487.5,8,0.828,0
72.45,40.4,18,0.418,1
24.49,226.0,7,0.45,0
71.52,114.8,6,0.012,1
62.68,22.9,16,0.078,1
0.91,290.7,2,0.58,0
85.3,124.8,24,0.486,1
3.55,151.6,1,0.496,0
8.6,101.2,5,0.427,0
27.6,543.6,9,0.448,0
50.09,36.7,16,0.083,1
9.18,501.5,5,0.919,0
59.96,69.6,11,0.446,1
2.48,61.2,2,0.856,0
38.87,83.2,18,0.448,1
55.65,132.2,7,0.05,1
5.62,267.9,5,0.671,0
29.18,384.9,10,0.567,0
19.68,192.8,6,0.707,0
14.87,349.6,3,0.6,0
12.77,372.1,11,0.877,0
35.24,68.3,9,0.547,1
63.5,172.6,6,0.033,1
80.93,156.7,7,0.162,1
81.2,175.1,16,0.133,1
1.86,134.4,11,0.808,0
31.58,173.9,14,0.03,1
64.9,88.4,22,0.479,1
51.91,18.8,5,0.007,1
12.61,473.3,7,0.833,0
21.01,221.7,6,0.82,0
68.69,7.3,6,0.086,1
1.16,465.6,8,0.454,0
55.42,170.9,17,0.305,1
27.58,331.0,11,0.498,0
8.3,109.6,6,0.986,0
42.71,113.3,10,0.216,1
29.27,386.7,1,0.881,0
48.79,117.3,15,0.091,1
19.46,165.2,1,0.418,0
76.73,63.7,10,0.155,1
2.15,382.4,12,0.941,0
42.1,167.6,10,0.148,1
17.03,364.4,12,0.664,0
35.59,59.0,14,0.413,1
15.1,229.8,6,0.822,0
21.13,112.6,6,0.933,0
15.16,478.5,0,0.732,0
65.18,154.1,12,0.089,1
2.55,398.0,11,0.501,0
70.89,29.7,25,0.089,1
15.58,453.5,10,0.69,0
13.53,130.8,4,0.584,0
13.04,541.0,12,0.794,0
89.82,111.2,7,0.312,1
3.1,68.1,12,0.916,0
29.06,482.0,1,0.674,0
40.18,56.7,5,0.154,1
35.35,36.4,17,0.142,1
45.36,158.4,23,0.508,1
29.15,323.7,5,0.908,0
81.42,165.5,7,0.242,1
18.81,229.4,1,0.793,0
8.03,532.8,10,0.378,0
1.9,486.9,11,0.884,0
81.18,55.9,8,0.314,1
6.84,532.0,10,0.411,0
68.55,162.5,17,0.06,1
36.5,172.9,15,0.423,1
49.72,60.5,22,0.267,1
14.39,210.3,0,0.704,0
4.53,175.3,9,0.37,0
11.53,565.7,5,0.863,0
6.56,174.2,0,0.969,0
8.24,403.3,1,0.442,0
34.9,157.9,17,0.479,1
20.15,200.1,0,0.41,0
10.39,466.7,2,0.479,0
14.55,349.2,12,0.454,0
10.77,434.2,6,0.885,0
26.83,167.2,11,0.784,0
9.84,592.6,11,0.833,0
9.63,141.3,7,0.957,0
9.63,487.7,10,0.614,0
0.31,303.3,2,0.762,0
17.43,79.7,11,0.986,0
62.77,34.1,15,0.119,1
41.47,123.9,3,0.204,1
48.12,58.7,6,0.385,1
13.78,281.6,5,0.888,0
88.44,63.8,8,0.252,1
63.17,33.5,16,0.21,1
20.71,296.2,4,0.806,0
27.19,113.6,1,0.874,0
68.98,112.8,16,0.057,1
18.78,354.2,10,0.639,0
1.17,216.5,6,0.488,0
16.63,121.8,7,0.968,0
77.63,86.2,23,0.387,1
0.43,262.3,3,0.68,0
69.52,58.8,16,0.37,1
84.54,10.7,3,0.084,1
79.0,148.5,22,0.175,1
64.33,80.3,20,0.535,1
68.67,150.0,21,0.236,1
11.83,453.2,6,0.938,0
13.23,113.8,12,0.432,0
64.62,73.6,23,0.504,1
4.94,234.1,1,0.411,0
67.73,108.8,3,0.34,1
